Task,Prompt,ModelUsed,Response,TokensUsed,Error,Timestamp
1,What's the capital of France?,edge, The capital of France is Paris.,-,-,2025-04-10T20:20:10.422201
2,Explain quantum entanglement in simple terms.,scout,"The fascinating world of quantum entanglement! I'll try to break it down in simple terms.

**What is quantum entanglement?**

Quantum entanglement is a phenomenon where two or more particles become connected in such a way that their properties are correlated, no matter how far apart they are. This means that if something happens to one particle, it instantly affects the other entangled particles, even if they're separated by huge distances.

**Imagine a simple example:**

Think of two dancers, Alice and Bob. They're performing a choreographed routine, where they spin around each other. If Alice spins clockwise, Bob will spin counterclockwise, and vice versa. They're ""entangled"" in the sense that their movements are connected.

Now, imagine that Alice and Bob are separated by a huge distance, like opposite sides of the universe. If Alice suddenly changes her spin to clockwise, Bob will instantly change his spin to counterclockwise, even if he's on the other side of the universe. This happens without any communication or physical connection between them.

**The weird part:**

Here's where things get really interesting: according to quantum mechanics, this connection between particles happens instantly, regardless of distance. This means that if something happens to one particle, it affects the other entangled particles faster than the speed of light.

**Some mind-bending implications:**

1. **Instant communication:** Entangled particles seem to communicate with each other instantaneously, which challenges our understanding of space and time.
2. **Non-locality:** Entangled particles can be separated by arbitrary distances, and still be connected in a way that transcends space.
3. **Quantum weirdness:** Entanglement is a fundamental aspect of quantum mechanics, which is a well-tested and experimentally verified theory.

**In summary:**

Quantum entanglement is a phenomenon where particles become connected in a way that their properties are correlated, regardless of distance. This connection happens instantly, which challenges our classical understanding of space and time. Entanglement is a fascinating aspect of quantum mechanics, and it continues to inspire research and exploration in the fields of physics and quantum computing.",428,-,2025-04-10T20:20:20.682636
3,What is 7 x 8?,edge,7 multiplied by 8 equals 56.,-,-,2025-04-10T20:20:26.952001
4,Summarize the current state of AI governance globally.,scout,"The current state of AI governance globally is evolving rapidly, with various countries, international organizations, and regulatory bodies working to establish guidelines, standards, and laws to ensure the safe and responsible development and deployment of artificial intelligence. Here's a summary of the current state of AI governance:

**Global Landscape:**

1. **United Nations (UN):** The UN has initiated discussions on AI governance, focusing on its potential impact on sustainable development, human rights, and international security. The UN Secretary-General's High-Level Panel on Digital Cooperation has emphasized the need for international cooperation on AI governance.
2. **OECD (Organisation for Economic Co-operation and Development):** The OECD has established the OECD AI Principles, which provide a framework for AI development and deployment. The principles emphasize transparency, explainability, and accountability.
3. **European Union (EU):** The EU has introduced the Artificial Intelligence Act, which proposes a regulatory framework for AI, including requirements for transparency, explainability, and human oversight. The EU has also established the AI for Europe (AI4EU) initiative to promote AI development and governance.
4. **United States:** The US has taken a more decentralized approach, with individual states and federal agencies developing their own AI governance initiatives. The National Institute of Standards and Technology (NIST) has released a framework for AI standards, and the Federal Trade Commission (FTC) has issued guidelines on AI and machine learning.

**Regional and National Initiatives:**

1. **Asia:**
	* China has introduced the New Generation Artificial Intelligence Development Plan, which outlines the country's AI development goals and governance principles.
	* Japan has established the AI Governance Guidelines, which emphasize the importance of human-centered AI development.
	* South Korea has launched the AI Development and Innovation Plan, which includes guidelines for AI governance and ethics.
2. **Americas:**
	* Canada has introduced the Directive on AI, which establishes guidelines for AI development and deployment in the federal government.
	* Brazil has created the National AI Strategy, which emphasizes the need for responsible AI development and governance.
3. **Africa and Oceania:**
	* The African Union has launched the African Union AI Strategy, which aims to promote AI development and governance on the continent.
	* Australia has established the AI Ethics Framework, which provides guidelines for AI development and deployment.

**Key Themes and Trends:**

1. **Risk-based approaches:** Many governance initiatives emphasize a risk-based approach, where the level of regulatory scrutiny is proportional to the potential risks associated with AI applications.
2. **Transparency and explainability:** There is a growing emphasis on transparency and explainability in AI decision-making, to ensure accountability and trustworthiness.
3. **Human oversight and control:** Regulators are stressing the importance of human oversight and control in AI development and deployment.
4. **International cooperation:** There is a recognition of the need for international cooperation on AI governance, to ensure consistency and interoperability across borders.

**Challenges and Future Directions:**

1. **Balancing innovation and regulation:** Regulators must balance the need to promote innovation with the need to mitigate potential risks associated with AI.
2. **Defining AI:** There is a lack of consensus on a universal definition of AI, which can make it challenging to develop effective governance frameworks.
3. **Enforcement and compliance:** Regulators will need to develop effective enforcement mechanisms to ensure compliance with AI governance frameworks.
4. **Global coordination:** The development of globally accepted AI governance standards and frameworks will require continued international cooperation and coordination.

The current state of AI governance is characterized by a diverse range of initiatives, guidelines, and regulations. As AI continues to evolve and become more pervasive, it is likely that AI governance will become increasingly important and complex.",766,-,2025-04-10T20:20:42.021636
5,Who wrote 'Pride and Prejudice'?,edge," Jane Austen, an English novelist, wrote ""Pride and Prejudice."" Published in 1813, this classic romance is one of her most famous works and tells the story of Elizabeth Bennet and Mr. Fitzwilliam Darcy, two individuals from different social classes who initially dislike each other but eventually fall in love. The novel critiques the customs and attitudes of British landed gentry at the turn of the 19th century while exploring themes such as love, marriage, morality, and the importance of first impressions.",-,-,2025-04-10T20:20:57.886800
6,What are the main differences between classical and quantum computing?,scout,"The main differences between classical and quantum computing lie in their fundamental architecture, operational principles, and application domains. Here's a comprehensive breakdown:

### 1. **Basic Unit of Information**

- **Classical Computing**: The basic unit of information is the bit, which can exist in one of two states: 0 or 1.
- **Quantum Computing**: The basic unit of information is the qubit (quantum bit), which can exist in a state of 0, 1, or any quantum superposition of these states. This means a qubit can process multiple possibilities simultaneously.

### 2. **Processing Information**

- **Classical Computing**: Classical computers process information in a sequential manner, one bit at a time, using logical operations (AND, OR, NOT, etc.) to manipulate bits. The operations are deterministic and follow a strict, predictable path.
- **Quantum Computing**: Quantum computers process information in a highly parallel manner, thanks to the principles of superposition and entanglement. Qubits can be entangled, meaning the state of one qubit can be dependent on the state of another qubit, even if they are separated by large distances. This enables a quantum computer to explore an exponentially large solution space simultaneously.

### 3. **Scalability and Complexity**

- **Classical Computing**: As the number of bits increases, the computational power increases linearly. However, solving certain complex problems (like factoring large numbers, searching through unsorted databases) becomes impractically time-consuming as the problem size grows.
- **Quantum Computing**: Quantum computers have the potential to solve certain problems much more efficiently than classical computers as the number of qubits increases. This is particularly true for problems that can be formulated in terms of linear algebra operations on high-dimensional vectors and matrices.

### 4. **Error Correction**

- **Classical Computing**: Error correction in classical computers is straightforward, relying on redundancy (e.g., storing multiple copies of data) and checksums.
- **Quantum Computing**: Quantum error correction is much more complex due to the fragile nature of quantum states (superpositions and entanglements) that can be easily destroyed by interaction with the environment (decoherence). Developing robust methods for quantum error correction without significantly increasing the number of qubits or degrading qubit performance is an active area of research.

### 5. **Applications**

- **Classical Computing**: Suitable for a wide range of tasks, from everyday computing (web browsing, word processing) to complex simulations and data analysis, where the problem space is well-understood and manageable by traditional algorithms.
- **Quantum Computing**: Expected to have breakthroughs in specific areas such as cryptography (e.g., breaking RSA encryption, creating unbreakable quantum encryption), optimizing complex systems (e.g., logistics, finance), drug discovery (simulating molecular interactions), and solving certain types of complex mathematical problems that are intractable or require an unfeasible amount of time on classical computers.

### 6. **Physical Implementation**

- **Classical Computing**: Based on electronic circuits (transistors) or mechanical switches, operating on the principles of classical physics.
- **Quantum Computing**: Implemented using quantum-mechanical phenomena, such as superconducting circuits, trapped ions, topological qubits, or photonics. Maintaining qubits in a coherent state requires extremely low temperatures (near absolute zero) and isolation from environmental noise.

In summary, quantum computing offers a fundamentally different approach to processing information, with the potential to solve certain problems much more efficiently than classical computers. However, developing practical, large-scale quantum computers that can reliably outperform classical systems for a wide range of tasks remains an ongoing challenge.",742,-,2025-04-10T20:21:12.059673
7,What is the boiling point of water?,edge,"100 degrees Celsius (212 degrees Fahrenheit) at standard atmospheric pressure (1 atmosphere or 101.3 kilopascals). However, it's important to note that this boiling point can vary depending on the atmospheric pressure, as demonstrated by the fact that water will boil at lower temperatures in higher elevations where atmospheric pressure is lower.",-,-,2025-04-10T20:21:25.056561
8,Describe the impact of social media on modern communication.,scout,"### The Impact of Social Media on Modern Communication 

The rise of social media has significantly impacted modern communication, transforming the way people interact, share information, and connect with others. This response provides a comprehensive overview of the effects of social media on communication, highlighting both the benefits and challenges.

### Positive Impacts 

Social media has revolutionized the way people communicate, offering numerous benefits, including:

* **Increased connectivity**: Social media has made it easier for people to stay connected with friends, family, and acquaintances across geographical distances.
* **Improved accessibility**: Social media platforms have made communication more accessible, allowing people to connect with others at any time and from any location with an internet connection.
* **Real-time communication**: Social media enables real-time communication through instant messaging, live streaming, and video conferencing.
* **Amplified voices**: Social media has given a platform to marginalized voices, allowing them to express themselves and reach a wider audience.
* **Networking opportunities**: Social media has made it easier to connect with people in various industries, making it a valuable tool for professionals and entrepreneurs.

### Negative Impacts 

However, social media also has several negative impacts on communication, including:

* **Depersonalization**: Over-reliance on social media can lead to depersonalization, where people substitute online interactions for in-person connections.
* **Misinformation and disinformation**: Social media has made it easier for false information to spread quickly, contributing to the spread of misinformation and disinformation.
* **Cyberbullying and harassment**: Social media has also enabled bullying and harassment, which can have serious negative effects on mental health.
* **Addiction**: Social media can be addictive, leading to decreased attention span, decreased face-to-face communication skills, and increased stress.
* **Social comparison**: Social media platforms showcase the highlight reels of others' lives, leading to unrealistic comparisons and decreased self-esteem.

### Changes in Communication Patterns 

Social media has also changed the way people communicate, including:

* **Shift from formal to informal communication**: Social media has popularized informal communication, with many people using abbreviations, emojis, and colloquialisms in their online interactions.
* **Rise of visual communication**: Social media has made visual content, such as images and videos, a dominant form of communication.
* **Decreased attention span**: Social media has conditioned people to consume information in short, bite-sized chunks, leading to decreased attention span and decreased engagement with longer, more in-depth content.

### The Future of Communication 

As social media continues to evolve, it is likely to have an even greater impact on communication. Some potential future developments include:

* **Increased use of AI-powered communication tools**: Social media platforms are likely to incorporate more AI-powered communication tools, such as chatbots and virtual assistants.
* **Growing importance of visual communication**: Visual content is likely to continue to dominate social media, with more emphasis on video and live streaming.
* **Greater focus on online safety and well-being**: Social media platforms will need to prioritize online safety and well-being, addressing issues such as cyberbullying, harassment, and addiction.

### Conclusion 

In conclusion, social media has had a profound impact on modern communication, offering both benefits and challenges. While it has increased connectivity and accessibility, it has also contributed to depersonalization, misinformation, and addiction. As social media continues to evolve, it is essential to be aware of these impacts and to use these platforms in a way that promotes healthy, effective, and respectful communication. By understanding the effects of social media on communication, we can harness its potential to build stronger relationships, foster global connections, and promote a more informed and empathetic society.",762,-,2025-04-10T20:21:41.715330
9,How many continents are there?,edge," There are seven continents: Africa, Antarctica, Asia, Europe, North America, Oceania (or Australasia), and South America. Some may also recognize a hypothetical eighth continent called Zealandia or microcontinent that was once part of the supercontinent Gondwana, although it is not universally recognized as an official continent.",-,-,2025-04-10T20:21:54.335949
10,What are the ethical implications of genetic engineering?,scout,"The ethical implications of genetic engineering are numerous and complex, involving considerations of morality, philosophy, law, and social responsibility. Some of the key concerns include:

1. **Unintended consequences**: Genetic modifications can have unforeseen effects on human health, the environment, and ecosystems. For example, genetically modified organisms (GMOs) could potentially outcompete natural species, leading to loss of biodiversity.
2. **Gene editing and human germline modification**: The use of gene editing technologies like CRISPR/Cas9 raises concerns about the ethics of modifying the human germline, which could have implications for future generations. This includes the risk of introducing new genetic mutations that could be passed on to offspring.
3. **Designer babies and eugenics**: Genetic engineering could potentially be used to create ""designer babies"" with specific traits, raising concerns about eugenics and the potential for social and economic inequality.
4. **Access and equity**: The benefits and risks of genetic engineering may not be evenly distributed, with some individuals or groups having greater access to genetic enhancements or modifications than others.
5. **Informed consent**: Ensuring that individuals understand the risks and benefits of genetic engineering and provide informed consent is crucial, particularly in cases where genetic modifications are made to human embryos or reproductive cells.
6. **Patenting and ownership**: The patenting of genetic material and genetically engineered organisms raises questions about ownership and control over life forms.
7. **Animal welfare**: Genetic engineering in animals raises concerns about animal welfare, particularly if the goal is to create genetically modified animals for food or research.
8. **Environmental impact**: The release of genetically engineered organisms into the environment could have unintended consequences, such as the development of pesticide-resistant pests or the contamination of non-target species.
9. **Cultural and societal implications**: Genetic engineering could challenge traditional notions of identity, humanity, and what it means to be alive.
10. **Regulatory frameworks**: The regulation of genetic engineering varies widely across countries, and there is a need for international cooperation and guidelines to ensure that genetic engineering is developed and used responsibly.

**Arguments for and against genetic engineering:**

**Pro-genetic engineering arguments:**

1. **Medical benefits**: Genetic engineering could be used to treat or prevent genetic diseases, improving human health and quality of life.
2. **Increased food production**: Genetic engineering could be used to develop crops that are more resilient, nutritious, and sustainable, helping to address global food security challenges.
3. **Environmental benefits**: Genetic engineering could be used to develop organisms that can clean up pollutants or mitigate the effects of climate change.

**Anti-genetic engineering arguments:**

1. **Precautionary principle**: Given the potential risks and uncertainties associated with genetic engineering, some argue that it is better to err on the side of caution and avoid its use until more is known about its effects.
2. **Naturalness and human dignity**: Some argue that genetic engineering undermines human dignity and the natural order of things, and that it is morally wrong to manipulate the genetic code of living organisms.
3. **Uncertainty and unpredictability**: Genetic engineering is a relatively new and rapidly evolving field, and some argue that we do not yet fully understand its long-term consequences.

Ultimately, the ethics of genetic engineering will depend on how it is developed, regulated, and used. It is essential to have ongoing public debate, scientific research, and regulatory oversight to ensure that genetic engineering is used responsibly and for the benefit of society.",717,-,2025-04-10T20:22:08.751772
