Task,Prompt,ModelUsed,Difficulty,Confidence Score,Response,TokensUsed,TimeTaken (s),Error,Timestamp
1,Simplify the expression: (x^2 - 1)/(x - 1).,Scout,hard,-,"## Step 1: Factor the numerator
The numerator, \(x^2 - 1\), can be factored using the difference of squares formula, which is \(a^2 - b^2 = (a - b)(a + b)\). Applying this to \(x^2 - 1\), we get \(x^2 - 1 = (x - 1)(x + 1)\).

## 2: Rewrite the expression with the factored numerator
Substitute the factored form of the numerator back into the original expression: \(\frac{(x - 1)(x + 1)}{x - 1}\).

## 3: Cancel common factors
Notice that \(x - 1\) appears in both the numerator and the denominator. We can cancel these out, but we must be aware that \(x \neq 1\) because if \(x = 1\), the denominator would be zero, and the expression would be undefined. After canceling \(x - 1\), the expression simplifies to \(x + 1\).

## 4: State the simplified expression with its domain
The simplified expression is \(x + 1\), with the understanding that \(x \neq 1\).

The final answer is: $\boxed{x + 1}$",286,6.116,-,2025-04-16T12:33:01.011343
2,What is 5 + 3?,Scout,easy,-,5 + 3 = 8,26,1.835,-,2025-04-16T12:33:02.875930
3,How does a vaccine help prevent disease?,Scout,hard,-,"A vaccine helps prevent disease by introducing a small, harmless piece of a pathogen, such as a virus or bacteria, to the body. This piece, called an antigen, triggers an immune response, which helps the body build a defense against future infections. Here's a step-by-step explanation of how vaccines work:

1. **Introduction of the antigen**: The vaccine contains a small amount of the antigen, which is either a weakened or killed form of the pathogen, or a piece of the pathogen, such as a protein or sugar.
2. **Recognition by the immune system**: The antigen is recognized by the immune system as foreign and is processed by immune cells, such as dendritic cells and macrophages.
3. **Activation of immune cells**: The immune cells display the antigen on their surface and activate other immune cells, such as T-cells and B-cells.
4. **Production of antibodies**: B-cells produce antibodies, which are proteins that specifically recognize and bind to the antigen. Antibodies help neutralize or remove the pathogen from the body.
5. **Activation of immune memory**: T-cells and B-cells also remember the antigen, allowing the immune system to recognize and respond quickly if it encounters the pathogen again in the future.
6. **Immune protection**: When the body encounters the pathogen again, the immune system is able to recognize it quickly and mount a rapid response, which helps prevent the disease from developing.

Vaccines can provide several types of immunity, including:

* **Active immunity**: The body produces antibodies and immune cells that provide long-term protection against the disease.
* **Passive immunity**: The body receives antibodies from an external source, such as a vaccine or immunoglobulin, which provide temporary protection against the disease.

Overall, vaccines help prevent disease by:

* Reducing the number of people who become infected
* Reducing the severity of disease in those who do become infected
* Preventing the spread of disease in the community

By getting vaccinated, individuals not only protect themselves from disease but also help prevent the spread of disease in the community, which is especially important for people who are unable to get vaccinated, such as those with weakened immune systems.",449,7.231,-,2025-04-16T12:33:10.107980
4,The Moon affects tides. Tides are influenced by gravity. What causes tides?,Scout,hard,-,"## Step 1: Understanding the Role of Gravity in Tides
Tides are primarily caused by gravitational forces. The Moon and, to a lesser extent, the Sun exert gravitational pull on the Earth's oceans.

## Step 2: Identifying the Celestial Bodies Involved
The two main celestial bodies influencing tides on Earth are the Moon and the Sun. However, the Moon has a more significant effect due to its closer proximity to Earth.

## Step 3: Explaining the Mechanism of Tides
The gravitational pull of the Moon on the Earth's oceans causes the water to bulge out in two areas: one on the side of the Earth facing the Moon and the other on the opposite side of the Earth. This creates two high tides and two low tides each day as the Earth rotates relative to the Moon's position.

## Step 4: Conclusion on the Cause of Tides
The combined effect of the Moon's and Sun's gravitational pulls on the Earth's oceans results in the rise and fall of sea levels, known as tides. The Moon's gravity is the primary cause, but the Sun also plays a role, especially when its gravitational pull aligns with the Moon's, resulting in more pronounced high and low tides known as spring tides, or counteracts the Moon's pull, resulting in neap tides.

The final answer is: $\boxed{gravity}$",300,5.011,-,2025-04-16T12:33:15.119963
5,Why does a metal expand when heated?,Scout,hard,-,"## Step 1: Understanding the Structure of Solids
Solids are made up of particles that are closely packed together in a fixed arrangement, known as a crystal lattice. These particles vibrate about their fixed positions due to thermal energy.

## Step 2: Effect of Heating on Particle Vibration
When a solid is heated, the particles gain kinetic energy and start vibrating more rapidly and with greater amplitude. This increased motion causes the particles to move further apart from each other.

## Step 3: Expansion of the Solid
As the particles move further apart, the distance between them increases. This increase in distance between the particles results in an increase in the size of the solid, causing it to expand.

## Step 4: Relating to Metals
Metals, being solids, follow the same principle. When a metal is heated, its particles gain kinetic energy, vibrate more rapidly, and move further apart. This movement apart of the particles leads to an expansion of the metal.

The final answer is: When a metal is heated, the particles gain kinetic energy and vibrate more, causing them to move further apart and the metal to expand.",249,4.986,-,2025-04-16T12:33:20.106798
6,John is taller than Sarah. Sarah is taller than Mike. Who is the shortest?,Scout,hard,-,"Based on the information provided:

* John is taller than Sarah
* Sarah is taller than Mike

So, we can conclude that:

John > Sarah > Mike (in terms of height)

Therefore, Mike is the shortest.",73,2.498,-,2025-04-16T12:33:22.606606
7,What is the capital of France?,Scout,easy,-,The capital of France is Paris.,25,1.258,-,2025-04-16T12:33:23.865409
8,How many legs does a spider have?,Scout,easy,-,A spider has eight legs.,25,1.906,-,2025-04-16T12:33:25.772026
9,Venus is closer to the sun than Earth. Which of the two planets has a shorter orbit duration?,Scout,hard,-,"## Step 1: Understand the relationship between distance from the sun and orbit duration
According to Kepler's third law of planetary motion, the square of a planet's orbital period (the time it takes for the planet to complete one orbit around the sun) is directly proportional to the cube of the semi-major axis of its orbit (which can be thought of as its average distance from the sun). This implies that planets closer to the sun have shorter orbital periods.

## Step 2: Compare the distances of Venus and Earth from the sun
Venus is indeed closer to the sun than Earth. On average, Venus is about 108 million kilometers away from the sun, while Earth is about 149.6 million kilometers away.

## 3: Apply Kepler's third law to determine the orbit duration
Given that Venus is closer to the sun than Earth, according to Kepler's third law, Venus should have a shorter orbital period than Earth.

## 4: Recall the orbital periods of Venus and Earth
Venus takes about 225 Earth days to complete one orbit around the sun, while Earth takes 365.25 days.

## 5: Conclusion
Since Venus's orbital period is 225 Earth days and Earth's is 365.25 days, Venus has a shorter orbit duration.

The final answer is: $\boxed{Venus}$",301,4.868,-,2025-04-16T12:33:30.641062
10,"If today is Monday and tomorrow is not Friday, what day is the day after tomorrow?",Scout,hard,-,"## Step 1: Determine the current day and the implications of tomorrow not being Friday.
Today is Monday. If tomorrow is not Friday, we need to consider what day tomorrow could be. Since today is Monday, tomorrow would normally be Tuesday. The only way tomorrow wouldn't be Friday is if we are not at a point in the week where Friday is the next day.

## 2: Evaluate the days of the week to find out what tomorrow and the day after tomorrow could be.
The days of the week in order are: Monday, Tuesday, Wednesday, Thursday, Friday, Saturday, Sunday. If today is Monday, then:
- Tomorrow (Tuesday) is not Friday, which fits the given condition.

## 3: Determine the day after tomorrow based on the current day being Monday.
If today is Monday, then:
- Tomorrow is Tuesday.
- The day after tomorrow would be Wednesday.

## 4: Verify that the condition ""tomorrow is not Friday"" holds true for the determined days.
Given that today is Monday and tomorrow is Tuesday, the condition that ""tomorrow is not Friday"" is indeed true because Tuesday is not Friday.

## 5: Conclude the day after tomorrow based on the given conditions.
Since today is Monday, and tomorrow is Tuesday, the day after tomorrow is Wednesday. The condition that ""tomorrow is not Friday"" is satisfied because Tuesday is not Friday.

The final answer is: $\boxed{Wednesday}$",321,5.695,-,2025-04-16T12:33:36.337280
11,A ball is dropped from a height of 100 meters and rebounds to 80% of its previous height each time. After how many bounces will it rebound to less than 1 meter?,Scout,hard,-,"## Step 1: Determine the initial height and the rebound ratio
The ball is initially dropped from a height of 100 meters and rebounds to 80% of its previous height each time. This means the rebound ratio is 0.8.

## 2: Calculate the height after the first bounce
After the first bounce, the ball rebounds to 100 * 0.8 = 80 meters.

## 3: Calculate the height after subsequent bounces until it's less than 1 meter
We continue to calculate the height after each bounce until we find a height that is less than 1 meter.
- After the 2nd bounce: 80 * 0.8 = 64 meters.
- After the 3rd bounce: 64 * 0.8 = 51.2 meters.
- After the 4th bounce: 51.2 * 0.8 = 40.96 meters.
- After the 5th bounce: 40.96 * 0.8 = 32.768 meters.
- After the 6th bounce: 32.768 * 0.8 = 26.2144 meters.
- After the 7th bounce: 26.2144 * 0.8 = 20.97152 meters.
- After the 8th bounce: 20.97152 * 0.8 = 16.777216 meters.
- After the 9th bounce: 16.777216 * 0.8 = 13.4217728 meters.
- After the 10th bounce: 13.4217728 * 0.8 = 10.73741824 meters.
- After the 11th bounce: 10.73741824 * 0.8 = 8.589934592 meters.
- After the 12th bounce: 8.589934592 * 0.8 = 6.8719476736 meters.
- After the 13th bounce: 6.8719476736 * 0.8 = 5.49755813888 meters.
- After the 14th bounce: 5.49755813888 * 0.8 = 4.398046511104 meters.
- After the 15th bounce: 4.398046511104 * 0.8 = 3.5184372088832 meters.
- After the 16th bounce: 3.5184372088832 * 0.8 = 2.81474976710656 meters.
- After the 17th bounce: 2.81474976710656 * 0.8 = 2.25179981368525 meters.
- After the 18th bounce: 2.25179981368525 * 0.8 = 1.8014398517482 meters.
- After the 19th bounce: 1.8014398517482 * 0.8 = 1.44115188139856 meters.
- After the 20th bounce: 1.44115188139856 * 0.8 = 1.15292150511885 meters.
- After the 21st bounce: 1.15292150511885 * 0.8 = 0.92233720409508 meters.

## 4: Determine the number of bounces required for the rebound to be less than 1 meter
From the calculations, we see that after the 20th bounce, the height is still greater than 1 meter (1.15292150511885 meters), but after the 21st bounce, the height is less than 1 meter (0.92233720409508 meters). Therefore, it takes 21 bounces for the ball to rebound to less than 1 meter.

The final answer is: $\boxed{21}$",843,12.756,-,2025-04-16T12:33:49.094692
12,"If all bloops are razzies and some razzies are doops, can we conclude that some bloops are definitely doops? Why or why not?",Scout,hard,-,"## Step 1: Understand the given statements
We are given two statements: ""All bloops are razzies"" and ""Some razzies are doops"". We need to determine if we can conclude that ""some bloops are definitely doops"".

## Step 2: Analyze the first statement
The first statement, ""All bloops are razzies"", implies that the set of bloops is a subset of the set of razzies. This means every bloop is a razzy, but it does not provide information about the relationship between bloops and doops directly.

## 3: Analyze the second statement
The second statement, ""Some razzies are doops"", tells us that there is an overlap between the set of razzies and the set of doops, but it does not specify how large this overlap is or if it includes all razzies.

## 4: Determine if bloops can be doops
Since all bloops are razzies and some razzies are doops, it is possible that the bloops are among the razzies that are also doops. However, we cannot conclude this with certainty without more information.

## 5: Consider a counterexample
Imagine a scenario where there are three sets: bloops, razzies, and doops. If all bloops are razzies but none of the bloops are doops (even though some razzies are doops), then we cannot conclude that some bloops are definitely doops. For example, if bloops = {b1, b2}, razzies = {b1, b2, r1, r2}, and doops = {r1, r2}, then all bloops are razzies, some razzies are doops, but no bloops are doops.

## 6: Conclusion based on logical deduction
Given the information provided, we cannot definitively conclude that some bloops are doops. The statements allow for the possibility that bloops and doops do not overlap, even though both are related to razzies.

The final answer is: $\boxed{No}$",489,8.43,-,2025-04-16T12:33:57.525704
13,Prove that the square root of 2 is irrational using contradiction.,Scout,hard,-,"## Step 1: Assume the opposite of what we want to prove
We start by assuming that the square root of 2 is rational. This means that $\sqrt{2}$ can be expressed as the ratio of two integers, $a$ and $b$, where $b$ is non-zero and the fraction is in its simplest form. So, we have $\sqrt{2} = \frac{a}{b}$.

## 2: Square both sides of the equation
Squaring both sides of $\sqrt{2} = \frac{a}{b}$ gives $2 = \frac{a^2}{b^2}$. This implies that $a^2 = 2b^2$.

## 3: Analyze the equation for contradiction
From $a^2 = 2b^2$, we can see that $a^2$ is an even number because it is equal to $2b^2$, and $2b^2$ is even since it is a multiple of 2. If $a^2$ is even, then $a$ must also be even, because the square of an odd number is always odd.

## 4: Express $a$ as $2k$ and substitute back
Since $a$ is even, we can write $a = 2k$, where $k$ is an integer. Substituting $a = 2k$ into $a^2 = 2b^2$ gives $(2k)^2 = 2b^2$, which simplifies to $4k^2 = 2b^2$. Dividing both sides by 2 gives $2k^2 = b^2$.

## 5: Identify the contradiction
From $2k^2 = b^2$, we see that $b^2$ is even, which implies that $b$ is also even. This means both $a$ and $b$ are even. However, this contradicts our initial assumption that the fraction $\frac{a}{b}$ is in its simplest form, because if both $a$ and $b$ are even, we can simplify the fraction further by dividing both $a$ and $b$ by 2.

## 6: Conclude the proof by contradiction
Since assuming that $\sqrt{2}$ is rational leads to a contradiction (that $\frac{a}{b}$ is not in its simplest form), we conclude that $\sqrt{2}$ must be irrational.

The final answer is: $\boxed{There is no number to solve this problem. The task was to prove that $\sqrt{2}$ is irrational, which has been demonstrated through the steps above.}$",568,9.202,-,2025-04-16T12:34:06.729350
14,"If A implies B and B implies C, does A imply C? Provide a logical justification.",Scout,hard,-,"## Step 1: Understanding the Implications
To solve this, we first need to understand the given implications: A implies B (A → B) and B implies C (B → C). The implication A → B means that if A is true, then B must be true. Similarly, B → C means that if B is true, then C must be true.

## 2: Applying Logical Rules
In logic, the rule of hypothetical syllogism states that if A → B and B → C, then A → C. This rule allows us to chain implications together.

## 3: Justification
To justify that A implies C (A → C) based on the given implications:
- If A is true, then B must be true (by A → B).
- If B is true, then C must be true (by B → C).
- Therefore, if A is true, then C must be true.

## 4: Conclusion
Using the rule of hypothetical syllogism, we conclude that if A implies B and B implies C, then logically, A implies C. This can be represented as: (A → B) ∧ (B → C) ⊢ A → C, where ⊢ denotes logical entailment.

The final answer is: $\boxed{Yes}$",293,5.439,-,2025-04-16T12:34:12.169472
15,Is the set of prime numbers finite or infinite? Provide a proof.,Scout,hard,-,"## Step 1: Assume the set of prime numbers is finite
We start by assuming that the set of prime numbers is finite. This means that there exists a largest prime number, which we can denote as $P$. If the set of prime numbers is finite, then we can list all prime numbers as $p_1, p_2, p_3, ..., p_n$, where $p_n = P$.

## 2: Construct a new number
Consider the number $N = p_1 \cdot p_2 \cdot p_3 \cdot ... \cdot p_n + 1$. By construction, $N$ is not divisible by any of the prime numbers $p_1, p_2, p_3, ..., p_n$ because $N$ leaves a remainder of 1 when divided by any of these primes.

## 3: Analyze the nature of N
The number $N$ is either prime or composite. If $N$ is prime, then it is a new prime number not included in the list $p_1, p_2, p_3, ..., p_n$, because it is larger than $P$. This contradicts the assumption that $p_n = P$ is the largest prime number.

## 4: Consider the case when N is composite
If $N$ is composite, then it must have a prime factor $p$. However, $p$ cannot be any of $p_1, p_2, ..., p_n$ because we constructed $N$ such that it leaves a remainder of 1 when divided by any of these primes. Therefore, $p$ must be a prime number not in the list $p_1, p_2, ..., p_n$. This again contradicts the assumption that $p_n = P$ is the largest prime number.

## 5: Conclusion based on the analysis
In both cases (whether $N$ is prime or composite), we reach a contradiction to the assumption that the set of prime numbers is finite. This means our initial assumption - that the set of prime numbers is finite - must be false.

The final answer is: $\boxed{Infinite}$",469,7.951,-,2025-04-16T12:34:20.121906
16,Describe the process of nucleosynthesis inside stars and how it leads to formation of heavier elements.,Scout,hard,-,"Nucleosynthesis inside stars is the process by which atomic nuclei combine to form heavier elements, releasing vast amounts of energy in the process. This process occurs in the cores of stars and is responsible for the creation of many of the elements found in the universe.

**The Process of Nucleosynthesis:**

1. **Hydrogen Burning:** The process of nucleosynthesis begins with the fusion of hydrogen nuclei (protons) to form helium. This occurs in the cores of main-sequence stars, where the temperature and pressure are high enough to overcome the electrostatic repulsion between positively charged protons. Two protons collide to form deuterium (a proton and a neutron), which then combines with another proton to form helium-3. Two helium-3 nuclei then combine to form helium-4 and two protons.
2. **Helium Burning:** As a star ages and runs out of hydrogen fuel, it begins to contract and heat up. This causes the core temperature to rise, allowing helium nuclei to fuse into heavier elements. Helium-4 nuclei combine to form beryllium-8, which is unstable and quickly breaks into two helium-4 nuclei. However, if the core temperature is high enough, beryllium-8 can combine with another helium-4 nucleus to form carbon-12.
3. **Carbon and Oxygen Burning:** As the star continues to evolve, it contracts and heats up further, allowing carbon and oxygen nuclei to fuse into heavier elements. Carbon-12 nuclei combine to form magnesium-24, while oxygen-16 nuclei combine to form silicon-32.
4. **Silicon Burning:** At even higher temperatures, silicon-32 nuclei can fuse into iron-56, which is the most stable nucleus in the universe.

**The Formation of Heavier Elements:**

As the star continues to evolve, it can no longer sustain nuclear fusion in its core. At this point, the star undergoes a series of explosive events, such as supernovae, which allow for the creation of even heavier elements.

1. **Rapid Neutron Capture Process (r-process):** During a supernova, a rapid influx of neutrons can occur, allowing for the creation of heavy elements through the rapid neutron capture process (r-process). This process occurs when neutrons are captured by atomic nuclei, causing them to become increasingly heavy.
2. **Slow Neutron Capture Process (s-process):** In asymptotic giant branch (AGB) stars, a slow neutron capture process (s-process) can occur, allowing for the creation of heavy elements such as strontium, yttrium, and zirconium.

**The End Result:**

Through the process of nucleosynthesis inside stars, a wide range of elements are created, from light elements such as lithium and beryllium to heavy elements such as gold and uranium. These elements are then dispersed into space through stellar winds, supernovae, and other astrophysical processes, enriching the interstellar medium and allowing for the formation of new stars, planets, and life.

**Key Takeaways:**

* Nucleosynthesis inside stars is the process by which atomic nuclei combine to form heavier elements.
* The process occurs in the cores of stars and involves the fusion of hydrogen, helium, carbon, oxygen, and silicon nuclei.
* Heavier elements are formed through explosive events such as supernovae and the rapid neutron capture process (r-process).
* The slow neutron capture process (s-process) occurs in AGB stars and allows for the creation of heavy elements.

**Elements Formed through Nucleosynthesis:**

* Light elements: hydrogen, helium, lithium, beryllium, boron
* Medium elements: carbon, nitrogen, oxygen, fluorine, neon
* Heavy elements: sodium, magnesium, aluminum, silicon, iron
* Very heavy elements: nickel, copper, zinc, barium, gold, uranium

Overall, nucleosynthesis inside stars is a complex and fascinating process that has shaped the chemical composition of our universe.",820,13.34,-,2025-04-16T12:34:33.463647
17,Describe a chemical scenario where Le Chatelier’s principle can predict a color change in a solution.,Scout,hard,-,"## Step 1: Understanding Le Chatelier's Principle
Le Chatelier's principle states that when a system at equilibrium is subjected to a change in concentration, temperature, or pressure, the equilibrium will shift in a direction that tends to counteract the effect of the change.

## Step 2: Applying Le Chatelier's Principle to a Chemical Scenario
Consider the equilibrium reaction: $N_2O_4(g) \rightleftharpoons 2NO_2(g)$. In this reaction, $N_2O_4$ is colorless, while $NO_2$ is brown. The equilibrium mixture has a light brown color.

## Step 3: Predicting the Effect of Concentration Change
If $NO_2$ is added to the system, the concentration of $NO_2$ increases. According to Le Chatelier's principle, the equilibrium will shift to the left, consuming some $NO_2$ and forming $N_2O_4$, which is colorless. This shift to the left will decrease the concentration of $NO_2$, and the color of the solution will become lighter.

## Step 4: Predicting the Effect of Pressure Change
If the pressure is increased by adding an inert gas, the partial pressures of $N_2O_4$ and $NO_2$ decrease. The equilibrium will shift to the left, forming more $N_2O_4$ and less $NO_2$, which will also result in a lighter color.

## Step 5: Predicting the Effect of Temperature Change
The reaction is exothermic, so increasing the temperature will shift the equilibrium to the right, forming more $NO_2$ and a darker color. Decreasing the temperature will shift the equilibrium to the left, forming more $N_2O_4$ and a lighter color.

## Conclusion
Le Chatelier's principle can predict a color change in a solution by analyzing the effects of changes in concentration, pressure, or temperature on the equilibrium of a chemical reaction. In the case of the $N_2O_4/NO_2$ equilibrium, adding $NO_2$, increasing pressure, or decreasing temperature will result in a lighter color, while increasing temperature will result in a darker color.",488,8.623,-,2025-04-16T12:34:42.088112
18,"Given f(x) = x^3 - 3x + 1, determine whether it has a local maximum or minimum, and at what points.",Scout,hard,-,"## Step 1: Find the first derivative of the function
To determine the local maxima or minima of the function \(f(x) = x^3 - 3x + 1\), we first need to find its first derivative, \(f'(x)\). The derivative of \(x^3\) is \(3x^2\), the derivative of \(-3x\) is \(-3\), and the derivative of \(1\) is \(0\). So, \(f'(x) = 3x^2 - 3\).

## 2: Solve for critical points
Critical points are where the first derivative equals zero or is undefined. In this case, \(f'(x) = 3x^2 - 3\) is defined for all real numbers. We set \(f'(x) = 0\) and solve for \(x\):
\[3x^2 - 3 = 0\]
\[3x^2 = 3\]
\[x^2 = 1\]
\[x = \pm 1\]
So, the critical points are \(x = 1\) and \(x = -1\).

## 3: Find the second derivative of the function
To determine whether these points are local maxima or minima, we need to find the second derivative, \(f''(x)\). The derivative of \(3x^2 - 3\) is \(6x\). So, \(f''(x) = 6x\).

## 4: Evaluate the second derivative at the critical points
We evaluate \(f''(x)\) at \(x = 1\) and \(x = -1\):
- At \(x = 1\), \(f''(1) = 6(1) = 6\).
- At \(x = -1\), \(f''(-1) = 6(-1) = -6\).

## 5: Determine the nature of the critical points
- Since \(f''(1) = 6 > 0\), \(x = 1\) is a local minimum.
- Since \(f''(-1) = -6 < 0\), \(x = -1\) is a local maximum.

## 6: Find the y-values of the local maxima and minima
To find the y-values, we substitute \(x = 1\) and \(x = -1\) into \(f(x) = x^3 - 3x + 1\):
- For \(x = 1\), \(f(1) = (1)^3 - 3(1) + 1 = 1 - 3 + 1 = -1\).
- For \(x = -1\), \(f(-1) = (-1)^3 - 3(-1) + 1 = -1 + 3 + 1 = 3\).

The final answer is: $\boxed{local maximum at (-1, 3), local minimum at (1, -1)}$",646,10.144,-,2025-04-16T12:34:52.233470
19,"If a spaceship is traveling at 0.9c and emits a light signal forward, how fast does the light appear to travel to an outside observer?",Scout,hard,-,"## Step 1: Understanding the Problem
The problem involves a spaceship traveling at a significant fraction of the speed of light (0.9c) and emitting a light signal forward. We need to determine how fast this light signal appears to travel to an outside observer.

## Step 2: Applying the Principle of Relativity
According to the theory of special relativity, the speed of light in a vacuum is constant and unchanging for all observers, regardless of their relative motion. This principle is fundamental to understanding the behavior of light in such scenarios.

## 3: Analyzing the Speed of Light
The speed of light (c) is approximately $3.00 \times 10^8$ meters per second. The key point from special relativity is that the speed of light does not depend on the motion of the source emitting the light.

## 4: Conclusion for the Outside Observer
Since the speed of light is constant for all observers, regardless of the relative motion between the observer and the source of light, the outside observer will measure the speed of the light signal as c, not as c + 0.9c.

The final answer is: $\boxed{c}$",278,5.026,-,2025-04-16T12:34:57.260771
20,Use Bayes’ Theorem to calculate the probability of having a disease given a positive test result with known sensitivity/specificity.,Scout,hard,-,"## Step 1: Define Bayes' Theorem for this context
Bayes' Theorem can be used to calculate the probability of having a disease given a positive test result. The formula for Bayes' Theorem in this context is:
\[ P(D|+) = \frac{P(+|D) \cdot P(D)}{P(+|D) \cdot P(D) + P(+|\overline{D}) \cdot P(\overline{D})} \]
where:
- \( P(D|+) \) is the probability of having the disease given a positive test result,
- \( P(+|D) \) is the sensitivity of the test (the probability of a positive test result given that the person has the disease),
- \( P(D) \) is the prior probability of having the disease,
- \( P(+|\overline{D}) \) is the probability of a positive test result given that the person does not have the disease (1 - specificity),
- \( P(\overline{D}) \) is the prior probability of not having the disease.

## 2: Identify given values
Let's assume we have the following given values:
- Sensitivity \( P(+|D) = 0.9 \) (90% of people with the disease test positive),
- Specificity \( P(-|\overline{D}) = 0.95 \) (95% of people without the disease test negative), which implies \( P(+|\overline{D}) = 1 - 0.95 = 0.05 \),
- Prevalence of the disease \( P(D) = 0.01 \) (1% of the population has the disease),
- Therefore, \( P(\overline{D}) = 1 - P(D) = 1 - 0.01 = 0.99 \).

## 3: Apply the given values to Bayes' Theorem
Substitute the given values into the Bayes' Theorem formula:
\[ P(D|+) = \frac{0.9 \cdot 0.01}{0.9 \cdot 0.01 + 0.05 \cdot 0.99} \]

## 4: Perform the calculation
\[ P(D|+) = \frac{0.009}{0.009 + 0.0495} \]
\[ P(D|+) = \frac{0.009}{0.0585} \]
\[ P(D|+) = \frac{0.009}{0.0585} \]
\[ P(D|+) \approx 0.1538 \]

## 5: Interpret the result
The result of approximately 0.1538 or 15.38% means that given a positive test result, the probability of actually having the disease is about 15.38%.

The final answer is: $\boxed{0.1538}$",597,8.917,-,2025-04-16T12:35:06.178815
21,What is the capital of Japan?,Scout,easy,-,The capital of Japan is Tokyo.,25,2.716,-,2025-04-16T12:36:08.896849
22,How many legs does a spider have?,Scout,easy,-,A spider has 8 legs.,26,1.23,-,2025-04-16T12:36:10.127879
23,What gas do plants absorb during photosynthesis?,Scout,easy,-,"## Step 1: Identify the process in question
The process in question is photosynthesis, which is how plants produce their food.

## Step 2: Recall the basic equation of photosynthesis
The basic equation for photosynthesis is: $6CO_2 + 6H_2O + \text{light energy} \rightarrow C_6H_{12}O_6 + 6O_2$.

## Step 3: Determine the gas absorbed during photosynthesis
From the equation, it is clear that plants absorb carbon dioxide ($CO_2$) during photosynthesis.

The final answer is: $\boxed{carbon dioxide}$",145,3.358,-,2025-04-16T12:36:13.487208
24,What is 12 multiplied by 3?,Scout,easy,-,12 multiplied by 3 is 36.,29,1.293,-,2025-04-16T12:36:14.780948
25,What is the boiling point of water in Celsius?,Scout,easy,-,The boiling point of water is 100 degrees Celsius (°C) at standard atmospheric pressure.,39,2.046,-,2025-04-16T12:36:16.827461
26,Solve: What is the integral of 1 / (1 + x^2)?,Scout,hard,-,"A classic integral!

The integral of 1 / (1 + x^2) is:

∫(1 / (1 + x^2)) dx = arctan(x) + C

where C is the constant of integration.

This is a well-known integral, and it's often used as a standard integral in calculus. The antiderivative of 1 / (1 + x^2) is arctan(x), also known as the inverse tangent function.

To derive this result, you can use a variety of methods, such as:

1. Trigonometric substitution: Let x = tan(u), then dx = sec^2(u) du, and the integral becomes ∫(1 / (1 + tan^2(u))) sec^2(u) du = ∫(1 / sec^2(u)) sec^2(u) du = ∫1 du = u + C = arctan(x) + C
2. Using a table of integrals or integral charts
3. Recognizing the derivative of arctan(x) as 1 / (1 + x^2)

I hope this helps! Let me know if you have any questions or need further clarification.",257,5.49,-,2025-04-16T12:36:22.318407
27,"In a truth table, if A is true and B is false, what is A AND B?",Scout,hard,-,"In a truth table, the AND operation is defined as follows:

- A AND B is true only if both A and B are true.
- If either A or B (or both) is false, then A AND B is false.

Given that A is true and B is false, according to the definition of the AND operation:

A AND B = false

So, when A is true and B is false, A AND B is false.",121,2.843,-,2025-04-16T12:36:25.162124
28,Can you prove that the harmonic series diverges?,Scout,hard,-,"A classic result in mathematics!

Yes, I'd be happy to prove that the harmonic series diverges.

The harmonic series is the series:

1 + 1/2 + 1/3 + 1/4 + 1/5 + ...

To prove that it diverges, we'll use a simple but clever argument.

**The Proof:**

Group the terms of the harmonic series as follows:

1 + 1/2 + (1/3 + 1/4) + (1/5 + 1/6 + 1/7 + 1/8) + ...

Notice that:

1/3 + 1/4 ≥ 1/4 + 1/4 = 1/2

and

1/5 + 1/6 + 1/7 + 1/8 ≥ 1/8 + 1/8 + 1/8 + 1/8 = 1/2

and so on.

In general, for any group of terms:

1/(2^k + 1) + 1/(2^k + 2) + ... + 1/2^(k+1)

we have:

1/(2^k + 1) + 1/(2^k + 2) + ... + 1/2^(k+1) ≥ 1/2^(k+1) + ... + 1/2^(k+1) = 1/2

with 2^k terms in the sum.

Now, let's rewrite the harmonic series as:

1 + 1/2 + (1/3 + 1/4) + (1/5 + ... + 1/8) + (1/9 + ... + 1/16) + ...

Using the inequalities above, we get:

≥ 1 + 1/2 + 1/2 + 1/2 + 1/2 + ...

This series clearly diverges, since we're adding 1/2 infinitely many times.

**Conclusion:**

Since the harmonic series is greater than or equal to a divergent series (the one with all 1/2's), the harmonic series must also diverge.

This proof is often attributed to Nicole Oresme, a 14th-century French mathematician.

There are many other proofs of the divergence of the harmonic series, but this one is a classic and easy to understand. Do you have any questions about it?",511,7.958,-,2025-04-16T12:36:33.121315
29,What is Gödel’s incompleteness theorem and its significance?,Scout,hard,-,"Gödel's incompleteness theorems are two fundamental results in mathematical logic, proved by Kurt Gödel in 1931. They have far-reaching implications for the foundations of mathematics, philosophy, and computer science.

**The First Incompleteness Theorem:**

The first incompleteness theorem states that any formal axiomatic system that is powerful enough to describe basic arithmetic is either incomplete or inconsistent. In other words:

* If a formal system is consistent, it cannot be complete.
* If a formal system is complete, it cannot be consistent.

**What does this mean?**

A formal axiomatic system is a set of axioms (self-evident truths) and rules for deriving theorems from those axioms. The system is considered complete if every statement that can be expressed in the system can be proved or disproved within the system. The system is considered consistent if it does not contain any contradictions.

Gödel's theorem shows that any such system that is powerful enough to describe basic arithmetic (e.g., Peano arithmetic, Zermelo-Fraenkel set theory) cannot be both complete and consistent. This means that there will always be statements in the system that cannot be proved or disproved within the system itself (incompleteness), or the system will contain contradictions (inconsistency).

**The Second Incompleteness Theorem:**

The second incompleteness theorem states that if a formal axiomatic system is consistent, then it cannot prove its own consistency. In other words:

* If a formal system is consistent, it cannot prove its own consistency.

This theorem has significant implications for the foundations of mathematics. It shows that there is no absolute foundation for mathematics, as any formal system that is consistent cannot prove its own consistency.

**Significance:**

Gödel's incompleteness theorems have far-reaching implications:

1. **Limits of formal systems:** Gödel's theorems demonstrate that formal systems have limitations. No formal system can capture all of mathematics, and there will always be statements that lie beyond the system's capabilities.
2. **Foundations of mathematics:** The theorems challenge the idea of a single, absolute foundation for mathematics. Instead, mathematics is based on multiple, interconnected systems, each with its own strengths and limitations.
3. **Philosophical implications:** Gödel's theorems have implications for philosophical debates about the nature of truth, knowledge, and reality. They suggest that there may be limits to human knowledge and understanding.
4. **Computer science:** The incompleteness theorems have implications for computer science, particularly in the areas of artificial intelligence, formal verification, and computability theory.
5. **Impact on Hilbert's program:** Gödel's theorems refuted Hilbert's program, which aimed to establish a rigorous, formal foundation for mathematics. Hilbert's program was based on the idea that mathematics could be reduced to a formal system, but Gödel's theorems showed that this is not possible.

In summary, Gödel's incompleteness theorems are a fundamental result in mathematical logic that demonstrate the limitations of formal systems and have far-reaching implications for the foundations of mathematics, philosophy, and computer science.",651,10.258,-,2025-04-16T12:36:43.380365
30,Why is entropy a measure of disorder in thermodynamics?,Scout,hard,-,"## Step 1: Understanding Entropy and Disorder
Entropy is a measure of disorder or randomness in a system, and it is directly related to the number of possible microstates in a system. In thermodynamics, disorder refers to the randomness or unpredictability of the arrangement and motion of particles in a system.

## Step 2: Explaining Entropy as a Measure of Disorder
When a system is in a state of low entropy, its particles are highly organized and have a limited number of possible arrangements. Conversely, when a system is in a state of high entropy, its particles are more randomly arranged and have a larger number of possible microstates.

## Step 3: Relating Entropy to Thermodynamic Probability
The Boltzmann equation, $S = k \ln \Omega$, relates entropy (S) to the number of possible microstates ($\Omega$) in a system, where $k$ is the Boltzmann constant. This equation shows that as the number of possible microstates increases, the entropy of the system also increases.

## Step 4: Providing an Example to Illustrate Entropy and Disorder
For example, consider a deck of cards. When the cards are neatly arranged by suit and rank, the system has low entropy. However, when the cards are shuffled and become randomly arranged, the system has high entropy. This illustrates how entropy can be seen as a measure of disorder or randomness.

## Conclusion
In conclusion, entropy is a measure of disorder in thermodynamics because it quantifies the number of possible microstates in a system, which is directly related to the randomness or unpredictability of the arrangement and motion of particles. The Boltzmann equation provides a mathematical framework for understanding this relationship, and examples such as a deck of cards help illustrate the concept of entropy as a measure of disorder.",376,7.271,-,2025-04-16T12:36:50.652214
31,Explain the twin paradox in special relativity with time dilation math.,Scout,hard,-,"The twin paradox! One of the most famous and mind-bending consequences of special relativity. I'll break it down with some simple math.

**The Twin Paradox**

Imagine two twins, Alice and Bob. They are both 20 years old and living on Earth. Alice decides to travel to a distant star at high speed, while Bob stays on Earth. When Alice reaches the star, she turns around and returns to Earth at the same high speed.

**Assumptions**

* The star is 10 light-years away from Earth.
* Alice travels at 80% of the speed of light (v = 0.8c) relative to Earth.
* The acceleration and deceleration phases are negligible, so we can assume Alice travels at constant velocity.

**Time Dilation**

According to special relativity, time dilation occurs when an object moves at high speed relative to an observer. The time dilation factor, γ (gamma), is given by:

γ = 1 / sqrt(1 - v^2/c^2)

where v is the velocity of the object and c is the speed of light.

For Alice, v = 0.8c, so:

γ = 1 / sqrt(1 - (0.8c)^2/c^2) = 1 / sqrt(1 - 0.64) = 1 / sqrt(0.36) = 1 / 0.6 = 1.6667

**Alice's Journey**

Alice travels to the star (10 light-years away) and back, so the total distance traveled is 20 light-years. At 0.8c, the time it takes for Alice to make the trip is:

t_Alice = distance / v = 20 light-years / 0.8c = 25 years

However, due to time dilation, Alice experiences time passing more slowly. The time elapsed for Alice is:

t_Alice_experienced = t_Alice / γ = 25 years / 1.6667 = 15 years

**Bob's Perspective**

Meanwhile, Bob stays on Earth and experiences time passing normally. For him, the time elapsed is:

t_Bob = 25 years (since he's not moving)

**The Paradox**

When Alice returns, she will have aged 15 years, while Bob will have aged 25 years. This means that Alice will be 35 years old (20 + 15), while Bob will be 45 years old (20 + 25).

The twin paradox arises because, from Alice's perspective, she was moving and Bob was stationary. From Bob's perspective, Alice was moving and he was stationary. The asymmetry in their experiences leads to the difference in their ages.

**Math Check**

Let's verify that the math works:

* Alice's clock runs slower by a factor of γ = 1.6667.
* Alice experiences 15 years, while Bob experiences 15 × 1.6667 = 25 years.

The twin paradox is a fundamental consequence of special relativity, and it has been experimentally confirmed in various contexts, including with high-speed particles and astronauts.

I hope this explanation helped you understand the twin paradox with some simple math!",667,10.113,-,2025-04-16T12:37:00.766117
32,Explain why Mars appears to move backward in the sky occasionally.,Scout,hard,-,"Mars appears to move backward in the sky occasionally due to a phenomenon called retrograde motion. This occurs when Earth passes a planet in its orbit around the Sun.

Here's a step-by-step explanation:

1. **Planetary orbits**: Both Earth and Mars orbit the Sun in elliptical paths. The distance between their orbits and their orbital speeds vary.

2. **Earth's faster orbit**: Earth orbits the Sun at an average speed of about 29.78 kilometers per second (km/s), while Mars orbits at an average speed of about 24.07 km/s.

3. **Relative motion**: When Earth and Mars are on the same side of the Sun, Earth moves faster than Mars. As Earth catches up to Mars, it appears that Mars is moving in the same direction as Earth (prograde motion).

4. **Overtaking and passing**: When Earth overtakes and passes Mars, it creates an optical illusion. From Earth's perspective, Mars appears to be moving backward (retrograde motion) because Earth is now moving faster and has ""overtaken"" Mars.

5. **Stationary points**: As Earth continues to move ahead, it eventually appears to stop and then move forward again relative to Mars. At this point, Mars appears to be stationary in the sky (stationary point). 

Retrograde motion occurs about every 26 months for Mars and is not a physical change in the planet's motion but rather an optical illusion caused by Earth's relative motion. This phenomenon is observed for other planets as well, but the frequency and duration of retrograde motion vary depending on the planet's distance from the Sun and its orbital speed.",352,6.979,-,2025-04-16T12:37:07.746295
33,"If you triple the radius of a sphere, by what factor does the volume increase?",Scout,hard,-,"## Step 1: Recall the formula for the volume of a sphere
The volume \(V\) of a sphere is given by the formula \(V = \frac{4}{3}\pi r^3\), where \(r\) is the radius of the sphere.

## 2: Calculate the original volume of the sphere
Let the original radius of the sphere be \(r\). The original volume \(V_{original}\) is \(\frac{4}{3}\pi r^3\).

## 3: Calculate the new volume after tripling the radius
If the radius is tripled, the new radius \(r_{new}\) is \(3r\). The new volume \(V_{new}\) is \(\frac{4}{3}\pi (3r)^3 = \frac{4}{3}\pi 27r^3 = 27 \cdot \frac{4}{3}\pi r^3\).

## 4: Determine the factor by which the volume increases
The factor by which the volume increases is \(\frac{V_{new}}{V_{original}} = \frac{27 \cdot \frac{4}{3}\pi r^3}{\frac{4}{3}\pi r^3} = 27\).

The final answer is: $\boxed{27}$",291,5.476,-,2025-04-16T12:37:13.223030
34,What is a Nash equilibrium in game theory and provide an example.,Scout,hard,-,"In game theory, a Nash equilibrium is a concept developed by John Nash in the 1950s. It is a state in a game where no player can improve their payoff (or win-lose outcome) by unilaterally changing their strategy, assuming all other players keep their strategies unchanged. In other words, it is a stable state where no player has an incentive to deviate from their chosen action, as any deviation would lead to a worse payoff.

Here's a classic example:

**The Prisoner's Dilemma**

Two prisoners, A and B, are arrested and interrogated separately by the police. Each prisoner has two options:

1. **Confess** (C): admit to the crime and receive a reduced sentence
2. **Remain Silent** (S): deny involvement and hope to receive a lighter sentence

The payoffs for each prisoner are as follows:

|  | Prisoner B Stays Silent (S) | Prisoner B Confesses (C) |
| --- | --- | --- |
| **Prisoner A Stays Silent (S)** | A: 3 years, B: 3 years | A: 10 years, B: 1 year |
| **Prisoner A Confesses (C)** | A: 1 year, B: 10 years | A: 5 years, B: 5 years |

In this game, the best outcome for both prisoners would be for both to remain silent (S), resulting in a 3-year sentence each. However, this is not a stable state, as each prisoner has an incentive to deviate and confess (C) to get a better deal.

The Nash equilibrium occurs when both prisoners confess (C), resulting in a 5-year sentence each. Here's why:

* If Prisoner A stays silent (S) and Prisoner B confesses (C), Prisoner A gets 10 years, which is worse than the 5 years they would get by confessing (C).
* If Prisoner A confesses (C) and Prisoner B stays silent (S), Prisoner A gets 1 year, which is better than the 3 years they would get by staying silent (S). However, Prisoner B would then want to confess (C) to get a better deal.
* If both prisoners confess (C), they both get 5 years. If one prisoner deviates and stays silent (S), they would get 10 years, which is worse.

In this example, the Nash equilibrium is (C, C), where both prisoners confess, resulting in a 5-year sentence each. This is a stable state, as no prisoner can improve their payoff by unilaterally changing their strategy.

The Nash equilibrium has far-reaching implications in many fields, including economics, politics, sociology, and biology, and is a fundamental concept in game theory.",604,10.416,-,2025-04-16T12:37:23.640226
35,What shape has three sides?,Scout,easy,-,The shape that has three sides is called a **triangle**.,29,2.041,-,2025-04-16T12:37:25.682254
36,Which animal is known as the king of the jungle?,Scout,easy,-,"The animal commonly referred to as the ""king of the jungle"" is the lion. Despite being found in grasslands and savannas rather than dense jungles, lions are often associated with this title due to their powerful presence, dominant position in their ecosystems, and historical and cultural significance.",80,3.184,-,2025-04-16T12:37:28.867923
37,What is the name of our galaxy?,Scout,easy,-,The best answer is Milky way,25,1.996,-,2025-04-16T12:37:30.865246
38,What do we call water in its solid state?,Scout,easy,-,"## Step 1: Identify the states of water
Water exists in three main states: liquid, solid, and gas.

## Step 2: Recall the common names for the states of water
The liquid state of water is simply called ""water"". The gaseous state is known as ""water vapor"". We need to recall the name for the solid state.

## Step 3: Determine the solid state of water
The solid state of water is commonly known as ""ice"".

The final answer is: $\boxed{ice}$",127,3.303,-,2025-04-16T12:37:34.169960
39,What is the square of 9?,Scout,easy,-,"## Step 1: Understand what the problem is asking for
The problem is asking for the square of the number 9. The square of a number is found by multiplying the number by itself.

## Step 2: Calculate the square of 9
To find the square of 9, we multiply 9 by 9. So, $9 \times 9 = 81$.

The final answer is: $\boxed{81}$",109,3.311,-,2025-04-16T12:37:37.481899
40,Which planet is closest to the Sun?,Scout,easy,-,The best answer is Mercury,24,1.831,-,2025-04-16T12:37:39.314261
41,"Given two functions f(x) = x^2 and g(x) = sin(x), find the derivative of f(g(x)).",Scout,hard,-,"## Step 1: Identify the functions f(x) and g(x) and the composite function f(g(x))
The function f(x) = x^2 and g(x) = sin(x). The composite function f(g(x)) = f(sin(x)) = (sin(x))^2 = sin^2(x).

## 2: Recall the chain rule for differentiation
The chain rule states that for a composite function f(g(x)), its derivative is given by f'(g(x)) * g'(x).

## 3: Find the derivatives of f(x) and g(x)
The derivative of f(x) = x^2 is f'(x) = 2x. The derivative of g(x) = sin(x) is g'(x) = cos(x).

## 4: Apply the derivatives to the chain rule for f(g(x))
To find the derivative of f(g(x)) = sin^2(x), we first find f'(g(x)) by substituting g(x) into f'(x): f'(g(x)) = 2*g(x) = 2*sin(x). Then, we multiply by g'(x): f'(g(x)) * g'(x) = 2*sin(x) * cos(x).

## 5: Simplify the derivative of f(g(x)) if possible
The derivative 2*sin(x) * cos(x) can be simplified using the trigonometric identity sin(2x) = 2*sin(x)*cos(x). Therefore, the derivative of f(g(x)) = 2*sin(x)*cos(x) = sin(2x).

The final answer is: $\boxed{sin(2x)}$",373,6.543,-,2025-04-16T12:38:45.858355
42,What is the solution to the recurrence T(n) = 2T(n/2) + n?,Scout,hard,-,"## Step 1: Identify the Recurrence Relation
The given recurrence relation is $T(n) = 2T(n/2) + n$. This is a divide-and-conquer type recurrence relation.

## 2: Apply the Master Theorem
The Master Theorem is used to solve recurrence relations of the form $T(n) = aT(n/b) + f(n)$, where $a$ is the number of subproblems, $n/b$ is the size of each subproblem, and $f(n)$ is the work done outside the recursive calls. For our relation, $a = 2$, $b = 2$, and $f(n) = n$.

## 3: Determine the Complexity Class
To apply the Master Theorem, we need to compare $f(n)$ with $n^{\log_b a}$. Here, $\log_b a = \log_2 2 = 1$, so $n^{\log_b a} = n^1 = n$. This means $f(n) = \Theta(n^{\log_b a})$.

## 4: Solve Using the Master Theorem Case 2
Since $f(n) = \Theta(n) = \Theta(n^{\log_2 2})$, we use Case 2 of the Master Theorem, which states that if $f(n) = \Theta(n^{\log_b a})$, then $T(n) = \Theta(n^{\log_b a} \log n) = \Theta(n \log n)$.

## 5: Conclusion
Given that $T(n) = \Theta(n \log n)$, this provides the solution to the recurrence relation $T(n) = 2T(n/2) + n$.

The final answer is: $\boxed{\Theta(n \log n)}$",396,6.554,-,2025-04-16T12:38:52.413629
43,"In propositional logic, what is the negation of 'if A then B'?",Scout,hard,-,"## Step 1: Understand the given statement
The given statement is 'if A then B', which in propositional logic is represented as $A \rightarrow B$. This means ""A implies B"".

## 2: Recall the definition of implication
The implication $A \rightarrow B$ is equivalent to $\neg A \vee B$ by the definition of material implication in propositional logic.

## 3: Apply negation to the implication
To find the negation of $A \rightarrow B$, we need to negate $\neg A \vee B$. The negation of a disjunction $\neg (P \vee Q)$ is given by $\neg P \wedge \neg Q$.

## 4: Calculate the negation
Applying the negation rule to $\neg A \vee B$, we get $\neg (\neg A \vee B) = \neg \neg A \wedge \neg B = A \wedge \neg B$.

## 5: Interpret the result
The negation of 'if A then B' is therefore $A \wedge \neg B$, which means ""A and not B"".

The final answer is: $\boxed{A \wedge \neg B}$",261,4.951,-,2025-04-16T12:38:57.365719
44,Show how the area under the normal distribution curve integrates to 1.,Scout,hard,-,"## Step 1: Understand the Normal Distribution Curve
The normal distribution curve, also known as the Gaussian distribution or bell curve, is a probability distribution that is symmetric about the mean, showing that data near the mean are more frequent in occurrence than data far from the mean. The equation for the normal distribution curve is given by:
\[ f(x) = \frac{1}{\sigma \sqrt{2\pi}} e^{-\frac{1}{2} \left( \frac{x - \mu}{\sigma} \right)^2} \]
where \( \mu \) is the mean, \( \sigma \) is the standard deviation, and \( x \) is the variable.

## 2: Define the Problem in Terms of Integration
To show that the area under the normal distribution curve integrates to 1, we need to integrate \( f(x) \) from \( -\infty \) to \( \infty \). This can be written as:
\[ \int_{-\infty}^{\infty} \frac{1}{\sigma \sqrt{2\pi}} e^{-\frac{1}{2} \left( \frac{x - \mu}{\sigma} \right)^2} dx = 1 \]

## 3: Perform the Integration
Let's use the substitution \( z = \frac{x - \mu}{\sigma} \), which implies \( dz = \frac{1}{\sigma} dx \) or \( dx = \sigma dz \). When \( x = -\infty \), \( z = -\infty \), and when \( x = \infty \), \( z = \infty \). Substituting these into the integral gives:
\[ \int_{-\infty}^{\infty} \frac{1}{\sigma \sqrt{2\pi}} e^{-\frac{1}{2} z^2} \sigma dz \]
\[ = \frac{1}{\sqrt{2\pi}} \int_{-\infty}^{\infty} e^{-\frac{1}{2} z^2} dz \]

## 4: Solve the Integral
This integral is a standard Gaussian integral. To solve it, we can use the trick of squaring the integral and converting to polar coordinates:
\[ \left( \int_{-\infty}^{\infty} e^{-\frac{1}{2} z^2} dz \right)^2 = \int_{-\infty}^{\infty} \int_{-\infty}^{\infty} e^{-\frac{1}{2} (x^2 + y^2)} dx dy \]
Converting to polar coordinates, where \( x^2 + y^2 = r^2 \) and \( dx dy = r dr d\theta \):
\[ = \int_{0}^{2\pi} \int_{0}^{\infty} e^{-\frac{1}{2} r^2} r dr d\theta \]
Let \( u = \frac{1}{2} r^2 \), then \( du = r dr \):
\[ = \int_{0}^{2\pi} \int_{0}^{\infty} e^{-u} du d\theta \]
\[ = \int_{0}^{2\pi} [-e^{-u}]_{0}^{\infty} d\theta \]
\[ = \int_{0}^{2\pi} 1 d\theta \]
\[ = 2\pi \]

## 5: Find the Value of the Integral
Taking the square root of both sides:
\[ \int_{-\infty}^{\infty} e^{-\frac{1}{2} z^2} dz = \sqrt{2\pi} \]
So,
\[ \frac{1}{\sqrt{2\pi}} \int_{-\infty}^{\infty} e^{-\frac{1}{2} z^2} dz = \frac{1}{\sqrt{2\pi}} \cdot \sqrt{2\pi} = 1 \]

The final answer is: $\boxed{1}$",785,12.412,-,2025-04-16T12:39:09.779083
45,Explain the Michelson-Morley experiment and its conclusion.,Scout,hard,-,"The Michelson-Morley experiment, performed in 1887 by Albert Michelson and Edward Morley, was a groundbreaking study that challenged the long-held notion of the existence of a luminiferous aether, a hypothetical substance thought to be a medium through which light waves propagate. The experiment's results had profound implications for our understanding of space, time, and the nature of light.

**The Experimental Setup:**

The Michelson-Morley experiment involved a cleverly designed interferometer, which split a beam of light into two perpendicular paths. The setup consisted of:

1. A light source, which emitted a beam of light.
2. A beam splitter, which divided the light beam into two parts: one traveling east-west (parallel to the Earth's motion) and the other traveling north-south (perpendicular to the Earth's motion).
3. Two mirrors, one at the end of each path, which reflected the light back to the beam splitter.
4. A detector, which measured the interference pattern created by the recombined light beams.

**The Hypothesis and Expected Outcome:**

At the time, it was believed that light waves required a medium, called the luminiferous aether, to propagate. The Earth, moving through this aether, would experience a relative motion to the aether, causing a difference in the speed of light in different directions. Specifically, the speed of light would be:

* Faster in the direction of the Earth's motion (east-west path)
* Slower in the direction perpendicular to the Earth's motion (north-south path)

The experiment aimed to detect this difference in speed, which would manifest as a shift in the interference pattern.

**The Actual Outcome:**

The Michelson-Morley experiment was performed in Cleveland, Ohio, over several months, with the interferometer carefully aligned to account for the Earth's motion. To their surprise, the researchers found:

* No significant shift in the interference pattern, indicating that there was no measurable difference in the speed of light in different directions.

**Conclusion and Implications:**

The Michelson-Morley experiment's null result led to several important conclusions:

1. **The speed of light is constant and isotropic**: The experiment showed that the speed of light is the same in all directions, independent of the Earth's motion. This challenged the concept of a luminiferous aether and the idea that light waves require a medium to propagate.
2. **The concept of absolute time and space is flawed**: The experiment's results implied that time and space are not absolute, but rather depend on the observer's frame of reference.
3. **The special theory of relativity**: The Michelson-Morley experiment laid the foundation for Albert Einstein's special theory of relativity (1905), which postulates that the laws of physics are the same for all observers in uniform motion relative to one another.

The Michelson-Morley experiment marked a pivotal moment in the development of modern physics, transforming our understanding of space, time, and the nature of light. Its conclusions have had far-reaching implications for fields such as physics, astronomy, and engineering.",632,10.123,-,2025-04-16T12:39:19.903252
46,How does the uncertainty principle apply to electron orbitals?,Scout,hard,-,"## Step 1: Understanding the Uncertainty Principle
The uncertainty principle, formulated by Werner Heisenberg, states that there is a limit to how precisely we can simultaneously know the position and momentum of a particle. This principle is crucial in understanding the behavior of electrons in atoms, particularly in the context of electron orbitals.

## Step 2: Applying the Uncertainty Principle to Electron Orbitals
In the context of electron orbitals, the uncertainty principle implies that we cannot precisely know both the position and momentum of an electron at the same time. This uncertainty affects our understanding of electron orbitals, which are regions around the nucleus where electrons are likely to be found.

## Step 3: Electron Orbital Characteristics
Electron orbitals are described by a set of quantum numbers, including the principal quantum number (n), azimuthal quantum number (l), magnetic quantum number (m_l), and spin quantum number (m_s). The uncertainty principle influences the shape and size of these orbitals, making it impossible to define a precise path for an electron within an orbital.

## Step 4: Implications of the Uncertainty Principle on Electron Orbitals
The uncertainty principle leads to several key implications for electron orbitals:
- Electrons do not have definite positions but exist within a cloud of probability.
- The more precisely the position of an electron is known, the less precisely its momentum is known, and vice versa.
- This principle explains the fuzziness and probabilistic nature of electron orbitals.

## Conclusion
The uncertainty principle fundamentally influences our understanding of electron orbitals by introducing a limit to the precision with which we can know the position and momentum of an electron. This leads to a probabilistic description of electron locations within orbitals, rather than precise paths.",354,6.608,-,2025-04-16T12:39:26.513199
47,How does gravitational lensing work and what is it used for?,Scout,hard,-,"### Gravitational Lensing: Understanding the Phenomenon and its Applications 

Gravitational lensing is a fundamental concept in astrophysics that has revolutionized our understanding of the universe. In this response, we will provide a clear and concise explanation of how gravitational lensing works and what it is used for.

#### How Gravitational Lensing Works 

Gravitational lensing is the bending of light around a massive object, such as a galaxy or a black hole, due to its strong gravitational field. According to Einstein's theory of general relativity, massive objects warp the fabric of spacetime, causing light to follow curved paths.

Here's a step-by-step explanation of the process:

* **Light emission**: A distant object, such as a galaxy or a star, emits light into space.
* **Gravitational field**: The light encounters a massive object, like a galaxy cluster or a black hole, which has a strong gravitational field.
* **Bending of light**: The gravitational field of the massive object bends the light around it, much like a lens bends light in optics.
* **Image formation**: The bent light forms an image of the distant object, which can appear distorted, magnified, or even multiple times.

#### Types of Gravitational Lensing 

There are three main types of gravitational lensing:

* **Strong lensing**: The light is bent significantly, creating multiple images or even Einstein rings (a ring-like structure around the massive object).
* **Weak lensing**: The light is bent slightly, causing a subtle distortion in the shape of the distant object.
* **Microlensing**: The light is bent by a small, compact object, like a star or a black hole, creating a small, temporary distortion.

#### Applications of Gravitational Lensing 

Gravitational lensing has become a powerful tool in astrophysics and cosmology. Some of its applications include:

* **Cosmology**: Gravitational lensing helps us study the distribution of mass in the universe, including dark matter, which doesn't emit, absorb, or reflect any electromagnetic radiation.
* **Galaxy evolution**: By observing the distortions caused by gravitational lensing, astronomers can study the properties of distant galaxies, such as their mass distribution, size, and shape.
* **Exoplanet detection**: Microlensing can be used to detect exoplanets by measuring the small distortions caused by the planet's gravitational field on the light from a background star.
* **Distance measurements**: Gravitational lensing can be used to measure the distances to distant objects, helping us better understand the expansion history of the universe.

### Conclusion 

In conclusion, gravitational lensing is a fascinating phenomenon that has opened up new avenues for understanding the universe. By providing a clear and concise explanation of how gravitational lensing works and what it is used for, we hope to have inspired a deeper interest in this complex and fascinating topic.",593,10.323,-,2025-04-16T12:39:36.837032
48,Describe how CRISPR technology works in gene editing.,Scout,hard,-,"CRISPR (Clustered Regularly Interspaced Short Palindromic Repeats) technology is a powerful tool for gene editing that allows scientists to make precise changes to the DNA of living organisms. Here's how it works:

**The CRISPR System**

The CRISPR system consists of two main components:

1. **Guide RNA (gRNA)**: A small RNA molecule that is programmed to recognize a specific sequence of DNA. The gRNA is designed to bind to a particular sequence of DNA, known as the target sequence.
2. **Cas9 enzyme**: A protein that cuts the DNA at the target sequence. Cas9 (CRISPR-associated protein 9) is an endonuclease, an enzyme that cleaves DNA.

**The Gene Editing Process**

Here's a step-by-step overview of how CRISPR technology works:

1. **Designing the gRNA**: Scientists design a gRNA that is complementary to the target sequence of DNA they want to edit.
2. **Delivery of the CRISPR components**: The gRNA and Cas9 enzyme are introduced into the cell, either through viral vectors or direct injection.
3. **Binding of gRNA to target DNA**: The gRNA binds to the target sequence of DNA, bringing the Cas9 enzyme with it.
4. **Cutting of DNA**: The Cas9 enzyme cuts the DNA at the target sequence, creating a double-stranded break.
5. **Activation of DNA repair**: The cell's natural DNA repair machinery is activated to repair the break.
6. **Editing the gene**: Researchers can supply a template with the desired edit, which the cell uses to repair the break. This template can be a piece of DNA with the edit, or a RNA molecule that is converted to DNA.
7. **Incorporation of the edit**: The cell incorporates the edit into the genome, effectively making a precise change to the DNA sequence.

**Types of Gene Editing**

CRISPR technology can be used for various types of gene editing, including:

1. **Gene knockout**: Disrupting a gene by cutting it out or introducing a frameshift mutation.
2. **Gene editing**: Making precise changes to a gene, such as correcting a point mutation.
3. **Gene regulation**: Modulating gene expression by targeting regulatory elements.

**Advantages and Applications**

CRISPR technology has revolutionized gene editing due to its:

1. **Precision**: CRISPR allows for precise targeting of specific genes and sequences.
2. **Efficiency**: CRISPR is more efficient than previous gene editing methods.
3. **Versatility**: CRISPR can be applied to a wide range of organisms, including plants, animals, and human cells.

CRISPR technology has numerous applications, including:

1. **Basic research**: Understanding gene function and regulation.
2. **Therapeutics**: Treating genetic diseases, such as sickle cell anemia and muscular dystrophy.
3. **Agriculture**: Improving crop yields and disease resistance.
4. **Biotechnology**: Developing novel bioproducts and biofuels.

Overall, CRISPR technology has opened up new avenues for gene editing and has the potential to transform various fields of research and applications.",656,10.492,-,2025-04-16T12:39:47.330202
49,What is the color of the sky on a clear day?,Scout,easy,-,"The color of the sky on a clear day is typically blue. This is because of a phenomenon called Rayleigh scattering, which occurs when sunlight interacts with the Earth's atmosphere. The shorter, blue wavelengths of light are scattered more than the longer, red wavelengths by the tiny molecules of gases such as nitrogen and oxygen in the atmosphere. As a result, the blue light is dispersed throughout the sky, giving it a blue appearance.

In fact, the exact shade of blue can vary depending on the time of day, the amount of dust and water vapor in the air, and the observer's location. For example:

* During sunrise and sunset, the sky can take on hues of red, orange, and pink due to the scattering of light by atmospheric particles and the angle of the sun.
* At high altitudes, the sky can appear more violet or purple due to the reduced scattering of light by atmospheric particles.
* In areas with high levels of air pollution or dust, the sky can appear more hazy or gray.

But on a clear, sunny day, the sky is usually a beautiful shade of blue!",242,4.577,-,2025-04-16T12:39:51.908449
50,Which animal barks and is kept as a pet?,Scout,easy,-,"The animal that barks and is commonly kept as a pet is a:

**Dog**

Dogs are known for their distinctive barking sound and are popular pets all over the world, providing companionship and affection to their human owners.",69,2.481,-,2025-04-16T12:39:54.390517
